fldName,avg_lat,avg_lon,fldMainArea,status,hc_type
AASTA HANSTEEN,67.06148216666666,6.974710333333333,Norwegian sea,Producing,GAS
ALBUSKJELL,56.630309,3.001988,North sea,Shut down,GAS/CONDENSATE
ALVE,65.9769701,7.855486000000001,Norwegian sea,Producing,GAS/CONDENSATE
ALVE NORD,66.0065625,7.8170547500000005,Norwegian sea,Approved for production,OIL/GAS
ALVHEIM,59.548795363636366,2.002684008264463,North sea,Producing,OIL/GAS
ATLA,59.66187416666667,2.571326,North sea,Shut down,GAS/CONDENSATE
BALDER,59.22079484337349,2.4099688795180723,North sea,Producing,OIL
BAUGE,64.354287,7.46198925,Norwegian sea,Producing,OIL
BERLING,65.20337071428571,6.393845285714286,Norwegian sea,Approved for production,GAS/CONDENSATE
BESTLA,60.43199200000001,3.0329635454545456,North sea,Approved for production,OIL/GAS
BLANE,56.887519,2.476583,North sea,Producing,OIL
BRAGE,60.54394627941177,3.048910735294118,North sea,Producing,OIL
BREIDABLIKK,59.24745561666667,2.5917457166666664,North sea,Producing,OIL
BRYNHILD,57.4899187,2.3005013,North sea,Shut down,OIL
BYRDING,61.14235075,3.5447777499999997,North sea,Producing,OIL/GAS
BØYLA,59.34042947619047,1.831512619047619,North sea,Producing,OIL
COD,57.068263571428574,2.4357975714285716,North sea,Shut down,GAS/CONDENSATE
DRAUGEN,64.3392697111111,7.758105333333333,Norwegian sea,Producing,OIL
DUVA,61.402593857142854,4.067501,North sea,Producing,OIL/GAS
DVALIN,65.453351125,7.1535805,Norwegian sea,Producing,GAS
EDDA,56.466574538461536,3.106830384615385,North sea,Shut down,OIL
EDVARD GRIEG,58.84492592307692,2.252345435897436,North sea,Producing,OIL
EIRIN,58.644946,1.623714,North sea,Approved for production,GAS
EKOFISK,56.548410108481264,3.217340775147929,North sea,Producing,OIL
ELDFISK,56.39171038735178,3.2479503162055336,North sea,Producing,OIL
EMBLA,56.333084666666664,3.2479010555555554,North sea,Producing,OIL
ENOCH,58.641258,1.552464,North sea,Producing,OIL
FENJA,64.030411,6.750613250000001,Norwegian sea,Producing,OIL/GAS
FENRIS,56.7007158,3.1269324999999997,North sea,Approved for production,GAS/CONDENSATE
FLYNDRE,56.578219,2.641814,North sea,Shut down,OIL
FRAM,61.05007080952381,3.553231642857143,North sea,Producing,OIL/GAS
FRAM H-NORD,61.124635749999996,3.5402329999999997,North sea,Producing,OIL
FRIGG,59.891762246376814,2.0734886086956523,North sea,Shut down,GAS
FRØY,59.735123580645165,2.5613185161290324,North sea,Shut down,OIL
FULLA,60.00419066666666,2.3729156666666666,North sea,Approved for production,OIL/CONDENSATE
GAUPE,57.98602725,1.9253909999999999,North sea,Shut down,OIL/GAS
GIMLE,61.2203033,2.2810908999999997,North sea,Producing,OIL
GINA KROG,58.57109642424243,1.697710090909091,North sea,Producing,OIL/GAS
GJØA,61.366301279069766,3.9764090000000003,North sea,Producing,OIL/GAS
GLITNE,58.71062442857143,1.6582267857142858,North sea,Shut down,OIL
GOLIAT,71.2718570754717,22.277252981132076,Barents sea,Producing,OIL
GRANE,59.16524751941747,2.4870631262135925,North sea,Producing,OIL
GUDRUN,58.84604514285714,1.7448645,North sea,Producing,GAS/CONDENSATE
GULLFAKS,61.19669568857143,2.2169043,North sea,Producing,OIL
GULLFAKS SØR,61.09143256707318,2.137894445121951,North sea,Producing,OIL/GAS
GUNGNE,58.35427059999999,1.911281,North sea,Producing,GAS
GYDA,56.90371243548387,3.084746370967742,North sea,Shut down,OIL
HALTEN ØST,64.8912474375,7.5482815625,Norwegian sea,Producing,GAS/CONDENSATE
HANZ,59.0449158,2.2351714,North sea,Producing,OIL/GAS
HEIDRUN,65.33601434134616,7.324322360576923,Norwegian sea,Producing,OIL/GAS
HEIMDAL,59.5755888125,2.2250609375,North sea,Shut down,OIL/GAS
HOD,56.18557281481481,3.4603467407407407,North sea,Producing,OIL
HUGIN,59.84001478571429,2.556771142857143,North sea,Approved for production,OIL/GAS
HULDRA,60.862821636363634,2.6552527272727273,North sea,Shut down,GAS/CONDENSATE
HYME,64.355125,7.554899666666667,Norwegian sea,Producing,OIL
IDUN NORD,65.82353066666667,7.718457666666667,Norwegian sea,Approved for production,GAS
IRPA,67.016222,5.296611,Norwegian sea,Approved for production,GAS
IVAR AASEN,58.921445388888884,2.200240462962963,North sea,Producing,OIL
JETTE,59.3991006,2.3553992,North sea,Shut down,OIL
JOHAN CASTBERG,72.47127634210526,20.265113236842105,Barents sea,Producing,OIL/GAS
JOHAN SVERDRUP,58.822260433628315,2.5857241592920355,North sea,Producing,OIL
JOTUN,59.450086279069765,2.367771348837209,North sea,Shut down,OIL
KNARR,61.7809590967742,2.761478129032258,North sea,Shut down,OIL
KRISTIN,64.92120175609756,6.480295731707317,Norwegian sea,Producing,GAS/CONDENSATE
KVITEBJØRN,61.08079589655172,2.5005948620689655,North sea,Producing,GAS/CONDENSATE
LILLE-FRIGG,59.966798857142855,2.389646857142857,North sea,Shut down,GAS/CONDENSATE
MARIA,64.95645213333333,6.962385666666666,Norwegian sea,Producing,OIL
MARTIN LINGE,60.50503353125,2.017589,North sea,Producing,OIL/GAS
MARULK,65.93198933333333,7.547271833333333,Norwegian sea,Producing,GAS
MIKKEL,64.67115914285715,7.672375714285715,Norwegian sea,Producing,GAS/CONDENSATE
MIME,57.125376800000005,2.4885964,North sea,Shut down,OIL
MORVIN,65.14306071428572,6.475105,Norwegian sea,Producing,OIL/GAS
MUNIN,60.16152992857143,2.5589913214285716,North sea,Approved for production,OIL/GAS
NJORD,64.27260290566038,7.195179377358491,Norwegian sea,Producing,OIL
NORDØST FRIGG,59.986921124999995,2.24989025,North sea,Shut down,GAS
NORNE,66.02316114285715,8.068750095238094,Norwegian sea,Producing,OIL/GAS
NOVA,61.27612992857143,3.6696984285714285,North sea,Producing,OIL
ODA,57.07036888888889,3.058645888888889,North sea,Producing,OIL
ODIN,60.07559153846153,2.1655666923076926,North sea,Shut down,GAS
ORMEN LANGE,63.49384156097561,5.356834463414634,Norwegian sea,Producing,GAS
OSEBERG,60.53149341055718,2.7895931436950145,North sea,Producing,OIL/GAS
OSEBERG SØR,60.37685855704698,2.8003740268456374,North sea,Producing,OIL/GAS
OSEBERG ØST,60.70142983018868,2.936485698113207,North sea,Producing,OIL
OSELVAR,56.93273057142857,2.686803571428572,North sea,Shut down,GAS
REV,58.02985727272728,1.9223496363636363,North sea,Producing,OIL/GAS
RINGHORNE ØST,59.268763916666664,2.4545660833333334,North sea,Producing,OIL
SIGYN,58.30889366666666,2.041933666666667,North sea,Producing,GAS/CONDENSATE
SINDRE,61.215127499999994,2.27418575,North sea,Producing,OIL/GAS
SKARV,65.72439941304347,7.619993326086957,Norwegian sea,Producing,OIL/GAS
SKIRNE,59.599569599999995,2.571927266666667,North sea,Shut down,GAS/CONDENSATE
SKOGUL,59.79281833333334,2.1945230000000002,North sea,Producing,OIL
SKULD,66.18663447368421,8.279361052631579,Norwegian sea,Producing,OIL
SLEIPNER VEST,58.43511259615384,1.7214024423076923,North sea,Producing,GAS/CONDENSATE
SLEIPNER ØST,58.37645682926829,1.9110853414634148,North sea,Producing,GAS/CONDENSATE
SNORRE,61.48364033505155,2.1794466546391753,North sea,Producing,OIL
SNØHVIT,71.50784434146341,21.048289731707317,Barents sea,Producing,GAS
SOLVEIG,58.684516933333335,2.2177710666666663,North sea,Producing,OIL
STATFJORD,61.25242631435079,1.863392722095672,North sea,Producing,OIL
STATFJORD NORD,61.44144521739131,1.9359582608695651,North sea,Producing,OIL
STATFJORD ØST,61.33394781481482,1.9821997037037038,North sea,Producing,OIL
SVALIN,59.1487425,2.43042775,North sea,Producing,OIL
SYGNA,61.466840875,1.98369875,North sea,Producing,OIL
SYMRA,58.974926999999994,2.2888551428571433,North sea,Approved for production,OIL/GAS
TAMBAR,56.97939077777778,2.961308777777778,North sea,Producing,OIL
TAMBAR ØST,56.982769,2.958797,North sea,Producing,OIL
TOMMELITEN A,56.40546865,2.8995159999999998,North sea,Producing,GAS/CONDENSATE
TOMMELITEN GAMMA,56.48946608333333,2.9307269166666665,North sea,Shut down,GAS/CONDENSATE
TOR,56.641111736842106,3.3198025263157893,North sea,Producing,OIL
TORDIS,61.2765716122449,2.122131163265306,North sea,Producing,OIL
TRESTAKK,64.85976758333334,6.82519575,Norwegian sea,Producing,OIL
TROLL,60.8115335382746,3.5693234556500606,North sea,Producing,OIL/GAS
TROLL BRENT B,60.915224,3.544179666666667,North sea,Shut down,OIL
TRYM,56.387504750000005,4.23799625,North sea,Producing,GAS/CONDENSATE
TUNE,60.47135733333334,2.641708733333333,North sea,Producing,GAS/CONDENSATE
TYRIHANS,64.83395423913043,7.037088195652173,Norwegian sea,Producing,GAS/CONDENSATE
TYRVING,59.61585866666667,2.403862333333333,North sea,Producing,OIL
ULA,57.10968413333333,2.8489858166666666,North sea,Producing,OIL
URD,66.06839599999999,8.2261224,Norwegian sea,Producing,OIL
UTGARD,58.3660342,1.5550164,North sea,Producing,GAS
VALE,59.7073075,2.31234575,North sea,Shut down,GAS/CONDENSATE
VALEMON,61.04184472413793,2.3425824137931035,North sea,Producing,GAS/CONDENSATE
VALHALL,56.27504647413793,3.392900823275862,North sea,Producing,OIL
VARG,58.077391428571424,1.8913581428571429,North sea,Shut down,OIL
VEGA,61.240748470588244,3.4028868235294114,North sea,Producing,GAS/CONDENSATE
VERDANDE,66.09354642857143,8.064052285714286,Norwegian sea,Approved for production,OIL/GAS
VESLEFRIKK,60.78249317721519,2.8971559746835442,North sea,Shut down,OIL
VEST EKOFISK,56.56324804761905,3.0857034285714287,North sea,Shut down,GAS/CONDENSATE
VIGDIS,61.372023625,2.0981225277777775,North sea,Producing,OIL
VILJE,59.65814722222222,2.278356555555556,North sea,Producing,OIL
VISUND,61.38026391089109,2.4838177722772277,North sea,Producing,OIL/GAS
VISUND SØR,61.303640384615385,2.3571722307692307,North sea,Producing,OIL/GAS
VOLUND,59.49286761538462,1.9633255769230769,North sea,Producing,OIL
VOLVE,58.440553111111115,1.8953131851851852,North sea,Shut down,OIL
YME,57.7927902631579,4.46206049122807,North sea,Producing,OIL
YTTERGRYTA,65.111594,7.509225,Norwegian sea,Shut down,GAS
ÅSGARD,65.07979386821705,6.9215106046511625,Norwegian sea,Producing,GAS/CONDENSATE
ÆRFUGL NORD,65.92709833333333,7.7114769999999995,Norwegian sea,Producing,GAS/CONDENSATE
ØRN,65.853861,7.389183,Norwegian sea,Approved for production,GAS
ØST FRIGG,59.90219552941176,2.370496352941177,North sea,Shut down,GAS
